1,Boris,Fearby,bfearby0@fc2.com,Male
2,Morlee,Baythorp,mbaythorp1@un.org,Male
3,Ryann,Keson,rkeson2@scientificamerican.com,Female
4,Zacharia,McKinlay,zmckinlay3@dedecms.com,Male
5,Salmon,Phlipon,sphlipon4@addtoany.com,Male
6,Horace,Earley,hearley5@imgur.com,Male
7,Louis,Glynne,lglynne6@bizjournals.com,Male
8,Colly,Theis,ctheis7@hao123.com,Genderqueer
9,Willy,Berthon,wberthon8@tiny.cc,Male
10,Elicia,Braney,ebraney9@microsoft.com,Female
11,Dulci,Ullrich,dullricha@quantcast.com,Female
12,Gena,Polsin,gpolsinb@cnbc.com,Female
13,Esdras,Hebborn,ehebbornc@bizjournals.com,Male
14,Shelly,Chiechio,schiechiod@sciencedirect.com,Female
15,Mellisent,Kettlesing,mkettlesinge@home.pl,Female
16,Cassy,Roos,croosf@nyu.edu,Female
17,James,Lammie,jlammieg@gizmodo.com,Male
18,Saw,Verduin,sverduinh@github.io,Male
19,Sigismund,Navarro,snavarroi@over-blog.com,Male
20,Quintin,Guichard,qguichardj@hugedomains.com,Male
21,Dewie,Siemens,dsiemensk@desdev.cn,Male
22,Coriss,Custed,ccustedl@wikia.com,Female
23,Barrie,Labitt,blabittm@bizjournals.com,Male
24,Sofie,Perigo,sperigon@accuweather.com,Female
25,Nealy,Guerola,nguerolao@sogou.com,Male
26,Giovanna,Craigie,gcraigiep@rediff.com,Female
27,Fritz,Cricket,fcricketq@theglobeandmail.com,Agender
28,Hubie,Ubsdale,hubsdaler@illinois.edu,Male
29,Gare,McCuffie,gmccuffies@pcworld.com,Male
30,Tatiania,Piddick,tpiddickt@studiopress.com,Female
31,Meredith,Penhale,mpenhaleu@opensource.org,Male
32,Saunders,Shelliday,sshellidayv@army.mil,Male
33,Delbert,Cuxon,dcuxonw@friendfeed.com,Non-binary
34,Sollie,Masey,smaseyx@jiathis.com,Male
35,Ramsey,Utteridge,rutteridgey@fema.gov,Male
36,Wakefield,Branton,wbrantonz@desdev.cn,Male
37,Gretel,Myrtle,gmyrtle10@japanpost.jp,Female
38,Buiron,Swalwel,bswalwel11@irs.gov,Male
39,Bunnie,Bain,bbain12@is.gd,Female
40,Kamillah,Whereat,kwhereat13@gov.uk,Female
41,Caz,Scadding,cscadding14@google.es,Male
42,Lucky,Gue,lgue15@oaic.gov.au,Female
43,Cornelle,Wildman,cwildman16@blogs.com,Female
44,Sergeant,Gomes,sgomes17@latimes.com,Genderfluid
45,Dulci,Gaffon,dgaffon18@mozilla.com,Female
46,Wallie,Muzzlewhite,wmuzzlewhite19@apple.com,Female
47,Marchelle,Colgan,mcolgan1a@hexun.com,Female
48,Willy,Kurth,wkurth1b@home.pl,Male
49,Gerry,Paskin,gpaskin1c@whitehouse.gov,Male
50,Mackenzie,Robiot,mrobiot1d@cnbc.com,Male
51,Cordell,Ormrod,cormrod1e@nifty.com,Male
52,Pen,Peppard,ppeppard1f@alibaba.com,Female
53,Concordia,Trussman,ctrussman1g@bluehost.com,Female
54,Ros,Dyers,rdyers1h@gnu.org,Female
55,Barr,Paton,bpaton1i@networksolutions.com,Male
56,Ines,Chanders,ichanders1j@hp.com,Female
57,Nanny,Venny,nvenny1k@vistaprint.com,Female
58,Tess,Ready,tready1l@hud.gov,Female
59,Conrado,Pensom,cpensom1m@cnet.com,Male
60,Ricard,Symonds,rsymonds1n@unesco.org,Male
61,Cyndy,Chattaway,cchattaway1o@ftc.gov,Female
62,Marcelline,Abramov,mabramov1p@gizmodo.com,Female
63,Carmen,Slimm,cslimm1q@wikipedia.org,Female
64,Bevin,Skep,bskep1r@mlb.com,Bigender
65,Puff,Whittuck,pwhittuck1s@webnode.com,Male
66,Kim,De Lisle,kdelisle1t@ow.ly,Female
67,Tome,Asplin,tasplin1u@merriam-webster.com,Male
68,Johannes,Brabon,jbrabon1v@diigo.com,Non-binary
69,Slade,Ovid,sovid1w@gnu.org,Male
70,Field,Jarritt,fjarritt1x@google.es,Male
71,Ricoriki,Kirkman,rkirkman1y@europa.eu,Agender
72,Maurie,Reed,mreed1z@bloglovin.com,Genderfluid
73,Jules,Corking,jcorking20@wikispaces.com,Male
74,Devondra,Checchetelli,dchecchetelli21@merriam-webster.com,Female
75,Laurens,Kelley,lkelley22@intel.com,Male
76,Christiano,Melly,cmelly23@mit.edu,Male
77,Clay,Mateus,cmateus24@sun.com,Male
78,Elvera,Scotchmore,escotchmore25@amazon.co.uk,Female
79,Alair,Sivewright,asivewright26@free.fr,Non-binary
80,Ruthanne,Weich,rweich27@1und1.de,Genderfluid
81,Jan,Masson,jmasson28@webmd.com,Male
82,Auberta,Merrell,amerrell29@examiner.com,Female
83,Odey,Dyer,odyer2a@com.com,Male
84,Ludovico,Bradley,lbradley2b@skype.com,Male
85,Marcelo,Gummie,mgummie2c@yandex.ru,Male
86,Crichton,Bauckham,cbauckham2d@gizmodo.com,Male
87,Jarred,Knyvett,jknyvett2e@youku.com,Male
88,Maxie,Handsheart,mhandsheart2f@e-recht24.de,Male
89,Fawn,Kardos-Stowe,fkardosstowe2g@cnbc.com,Genderqueer
90,Donall,Gason,dgason2h@cargocollective.com,Male
91,Tove,Patshull,tpatshull2i@ft.com,Genderqueer
92,Harri,Grafton-Herbert,hgraftonherbert2j@multiply.com,Female
93,Durward,Jedrzejewsky,djedrzejewsky2k@seesaa.net,Male
94,Dorian,Dinkin,ddinkin2l@freewebs.com,Male
95,Annie,Hlavac,ahlavac2m@npr.org,Female
96,Tye,MacAlroy,tmacalroy2n@eventbrite.com,Male
97,Iolanthe,Tackett,itackett2o@theglobeandmail.com,Genderqueer
98,Leshia,Gilcrist,lgilcrist2p@twitter.com,Female
99,Bibi,Gaitung,bgaitung2q@discuz.net,Female
100,Franz,Crookes,fcrookes2r@chicagotribune.com,Male
101,Haze,Lanphere,hlanphere2s@google.pl,Male
102,Richard,Weekly,rweekly2t@icq.com,Male
103,Honey,Raynes,hraynes2u@uiuc.edu,Female
104,Rheba,Berrey,rberrey2v@amazonaws.com,Female
105,Marielle,Cluley,mcluley2w@wired.com,Female
106,Aubree,Ramble,aramble2x@cmu.edu,Female
107,Phil,Lamplugh,plamplugh2y@artisteer.com,Male
108,Dex,Goslin,dgoslin2z@springer.com,Male
109,Adolphe,Ferbrache,aferbrache30@nifty.com,Male
110,Jourdan,MacNucator,jmacnucator31@qq.com,Female
111,Atlanta,Emanulsson,aemanulsson32@seesaa.net,Female
112,Alejandro,Legerwood,alegerwood33@craigslist.org,Male
113,Malchy,Unger,munger34@ovh.net,Polygender
114,Flemming,Veldens,fveldens35@ezinearticles.com,Male
115,Christalle,Hinsch,chinsch36@youku.com,Genderfluid
116,Gearalt,Spere,gspere37@seattletimes.com,Male
117,Mickie,Sigars,msigars38@pbs.org,Male
118,Jobye,Giacomi,jgiacomi39@bizjournals.com,Agender
119,Basil,McKelvie,bmckelvie3a@mediafire.com,Male
120,Dom,Twinning,dtwinning3b@1688.com,Male
121,Odele,Meace,omeace3c@imgur.com,Female
122,Arleta,Misken,amisken3d@angelfire.com,Female
123,Guillermo,O'Corrin,gocorrin3e@blogs.com,Male
124,Sande,Gooch,sgooch3f@unesco.org,Female
125,Orelie,Gever,ogever3g@1688.com,Agender
126,Odell,MacSkeaghan,omacskeaghan3h@disqus.com,Male
127,Lanna,Willmore,lwillmore3i@istockphoto.com,Female
128,Nicky,Faunch,nfaunch3j@delicious.com,Female
129,Eduard,Scadden,escadden3k@japanpost.jp,Male
130,Dorolice,Sponder,dsponder3l@cdc.gov,Female
131,Susann,Bernardot,sbernardot3m@bloglovin.com,Female
132,Gustav,Probey,gprobey3n@people.com.cn,Male
133,Renate,Nafziger,rnafziger3o@google.com.au,Female
134,Rorke,Huster,rhuster3p@prweb.com,Male
135,Cyb,Robbings,crobbings3q@java.com,Female
136,Clemmie,Culy,cculy3r@reference.com,Female
137,Paul,Rickson,prickson3s@acquirethisname.com,Male
138,Kendre,Venditti,kvenditti3t@ycombinator.com,Female
139,Maison,Bosnell,mbosnell3u@berkeley.edu,Male
140,Ida,Fochs,ifochs3v@unc.edu,Female
141,Poul,Kettoe,pkettoe3w@imdb.com,Male
142,Reggy,Coxwell,rcoxwell3x@histats.com,Male
143,Karla,Officer,kofficer3y@telegraph.co.uk,Female
144,Locke,MacEntee,lmacentee3z@salon.com,Male
145,Buddy,Willsmore,bwillsmore40@stumbleupon.com,Male
146,Alvy,Seebert,aseebert41@upenn.edu,Male
147,Julee,Kimbling,jkimbling42@baidu.com,Female
148,Barbe,Burditt,bburditt43@google.com.br,Female
149,Briggs,Dannett,bdannett44@dmoz.org,Male
150,Kathleen,Winstone,kwinstone45@hc360.com,Female
151,Bastian,Robertet,brobertet46@prweb.com,Male
152,Gerrie,Schankelborg,gschankelborg47@weebly.com,Female
153,Jaime,Mathivet,jmathivet48@weather.com,Non-binary
154,Rene,McCaster,rmccaster49@myspace.com,Male
155,Friederike,Killingbeck,fkillingbeck4a@craigslist.org,Female
156,Webb,Morshead,wmorshead4b@imgur.com,Agender
157,Leah,Airy,lairy4c@slate.com,Female
158,Davy,Van der Brugge,dvanderbrugge4d@forbes.com,Male
159,Paddie,Agg,pagg4e@google.com,Male
160,Rourke,Thurstan,rthurstan4f@github.io,Male
161,Yetty,Baradel,ybaradel4g@hud.gov,Female
162,Molly,Pykerman,mpykerman4h@ifeng.com,Female
163,Laraine,Tedstone,ltedstone4i@rambler.ru,Female
164,Fredrika,Geekie,fgeekie4j@weebly.com,Female
165,Raimund,Drohun,rdrohun4k@statcounter.com,Male
166,Yuma,Gentzsch,ygentzsch4l@huffingtonpost.com,Male
167,Amata,Gyorgy,agyorgy4m@arstechnica.com,Female
168,Godiva,Honeyghan,ghoneyghan4n@parallels.com,Female
169,Fabe,Blaszczak,fblaszczak4o@1und1.de,Male
170,Shaine,Sarjeant,ssarjeant4p@ihg.com,Genderfluid
171,Clair,Yonnie,cyonnie4q@over-blog.com,Male
172,Maximo,Rumke,mrumke4r@cdbaby.com,Male
173,Cully,Barradell,cbarradell4s@simplemachines.org,Male
174,Rouvin,Manston,rmanston4t@tmall.com,Male
175,Dani,McIlmurray,dmcilmurray4u@list-manage.com,Female
176,Arlena,Elegood,aelegood4v@woothemes.com,Agender
177,Hogan,Satterlee,hsatterlee4w@whitehouse.gov,Male
178,Dud,Burgwyn,dburgwyn4x@php.net,Male
179,Reider,Shilliday,rshilliday4y@cafepress.com,Male
180,Brander,Jerzyk,bjerzyk4z@netscape.com,Male
181,Aeriela,Ayto,aayto50@illinois.edu,Genderqueer
182,Lishe,Ghiron,lghiron51@scientificamerican.com,Female
183,Adelle,Broke,abroke52@skype.com,Female
184,Tony,Holsey,tholsey53@oaic.gov.au,Genderqueer
185,Marty,Adess,madess54@nyu.edu,Male
186,Rodrigo,Marklin,rmarklin55@adobe.com,Male
187,Lilah,Brignall,lbrignall56@apple.com,Female
188,Morissa,Papps,mpapps57@yolasite.com,Female
189,Halley,Armsden,harmsden58@princeton.edu,Non-binary
190,Terri,Ibarra,tibarra59@360.cn,Female
191,Hewett,Cawthery,hcawthery5a@etsy.com,Male
192,Kristen,Rapier,krapier5b@businessinsider.com,Female
193,Leo,Suttaby,lsuttaby5c@discovery.com,Male
194,Legra,Tate,ltate5d@i2i.jp,Female
195,Salomon,Deftie,sdeftie5e@reddit.com,Male
196,Livvie,Vodden,lvodden5f@sakura.ne.jp,Female
197,Javier,Stoate,jstoate5g@craigslist.org,Male
198,Rickie,Rafter,rrafter5h@storify.com,Female
199,Raimund,Dillaway,rdillaway5i@psu.edu,Genderqueer
200,Clevie,Pendrick,cpendrick5j@amazonaws.com,Male
201,Christie,Swalteridge,cswalteridge5k@virginia.edu,Male
202,Jacynth,Levison,jlevison5l@hexun.com,Female
203,Rita,Paice,rpaice5m@jimdo.com,Female
204,Zelig,Broadfoot,zbroadfoot5n@plala.or.jp,Male
205,Doug,Keunemann,dkeunemann5o@artisteer.com,Male
206,Marys,Meigh,mmeigh5p@biglobe.ne.jp,Female
207,Willi,Maven,wmaven5q@wisc.edu,Non-binary
208,Allx,Osmint,aosmint5r@mozilla.com,Female
209,Zebulon,Perel,zperel5s@shareasale.com,Male
210,Sawyer,Persian,spersian5t@chron.com,Bigender
211,Fritz,Veall,fveall5u@statcounter.com,Male
212,Hilda,Townsend,htownsend5v@sina.com.cn,Female
213,Tedda,Coster,tcoster5w@chicagotribune.com,Female
214,Florri,Merigon,fmerigon5x@paginegialle.it,Female
215,Mic,Beszant,mbeszant5y@yellowpages.com,Male
216,Neilla,Liggins,nliggins5z@gmpg.org,Female
217,Nathanil,McCarthy,nmccarthy60@newsvine.com,Male
218,Kata,Tulip,ktulip61@livejournal.com,Agender
219,Ted,Skewis,tskewis62@sakura.ne.jp,Female
220,Zeke,Tudor,ztudor63@samsung.com,Male
221,Ashlen,Plumb,aplumb64@furl.net,Female
222,Dilly,Loiterton,dloiterton65@godaddy.com,Male
223,Rickey,Slateford,rslateford66@studiopress.com,Male
224,Bernelle,MacCaffrey,bmaccaffrey67@nba.com,Female
225,Denni,Verrick,dverrick68@desdev.cn,Female
226,Dominique,Reece,dreece69@redcross.org,Female
227,Talya,Wyd,twyd6a@ehow.com,Female
228,Celia,Bonellie,cbonellie6b@archive.org,Female
229,Joyann,Somerbell,jsomerbell6c@comsenz.com,Female
230,Georgy,Wincer,gwincer6d@meetup.com,Male
231,Lyn,Cane,lcane6e@netscape.com,Male
232,Ernest,Berkery,eberkery6f@eventbrite.com,Male
233,Anselm,Jaskiewicz,ajaskiewicz6g@scientificamerican.com,Male
234,Adele,Stangroom,astangroom6h@kickstarter.com,Female
235,Wendie,Capaldi,wcapaldi6i@oakley.com,Female
236,Torrence,Broomer,tbroomer6j@blogger.com,Male
237,Kareem,Reichert,kreichert6k@toplist.cz,Male
238,Nola,Baglan,nbaglan6l@cnn.com,Female
239,Corinne,Sailes,csailes6m@archive.org,Non-binary
240,Elke,Plaid,eplaid6n@mapquest.com,Female
241,Mikael,Shimoni,mshimoni6o@foxnews.com,Male
242,Elihu,Keattch,ekeattch6p@slashdot.org,Male
243,Frederich,Morphew,fmorphew6q@unc.edu,Male
244,Sheffield,Szymanzyk,sszymanzyk6r@live.com,Male
245,Fletcher,Capehorn,fcapehorn6s@umich.edu,Male
246,Burk,Sizland,bsizland6t@so-net.ne.jp,Male
247,Benedetto,Elsie,belsie6u@va.gov,Male
248,Emmaline,MacSorley,emacsorley6v@hud.gov,Female
249,Bartolemo,Hendrickx,bhendrickx6w@miibeian.gov.cn,Male
250,Ashbey,Box,abox6x@slate.com,Male
251,Hamlen,Janczak,hjanczak6y@nymag.com,Male
252,Melanie,Sterricker,msterricker6z@ocn.ne.jp,Female
253,Anna-maria,Jillett,ajillett70@nbcnews.com,Female
254,Mendy,Snap,msnap71@uiuc.edu,Male
255,Redd,Mardee,rmardee72@feedburner.com,Male
256,Kamilah,Stockle,kstockle73@jigsy.com,Female
257,Tynan,Smidmoor,tsmidmoor74@ask.com,Male
258,Smith,McGing,smcging75@cbslocal.com,Male
259,Joni,Jone,jjone76@ehow.com,Female
260,Ignacio,Woolliams,iwoolliams77@mtv.com,Male
261,Rudolf,Broadfoot,rbroadfoot78@flavors.me,Male
262,Traci,Aggis,taggis79@ycombinator.com,Female
263,Emma,Ciccottini,eciccottini7a@odnoklassniki.ru,Female
264,Cristiano,Husband,chusband7b@zdnet.com,Male
265,Norbert,Milham,nmilham7c@phoca.cz,Male
266,Dilly,Beeswing,dbeeswing7d@sciencedirect.com,Male
267,Erhard,Ewestace,eewestace7e@nymag.com,Agender
268,Sarena,Simoes,ssimoes7f@baidu.com,Non-binary
269,Edeline,O'Drought,eodrought7g@bloomberg.com,Female
270,Andrey,Shilladay,ashilladay7h@php.net,Male
271,Rosemary,Cars,rcars7i@bing.com,Female
272,Appolonia,Goodricke,agoodricke7j@alibaba.com,Female
273,Wilma,Caughte,wcaughte7k@buzzfeed.com,Female
274,Iormina,Giacubo,igiacubo7l@home.pl,Female
275,Caresa,Thorouggood,cthorouggood7m@github.io,Female
276,Lynsey,Hynson,lhynson7n@ted.com,Female
277,Meredith,Cars,mcars7o@fotki.com,Female
278,Alysa,Webbe,awebbe7p@skyrock.com,Female
279,Barnebas,Alenov,balenov7q@theatlantic.com,Male
280,Samuel,Renzullo,srenzullo7r@istockphoto.com,Male
281,Cherry,Guilaem,cguilaem7s@patch.com,Female
282,Thom,Stonnell,tstonnell7t@ucoz.ru,Male
283,Giuditta,Ferne,gferne7u@webmd.com,Female
284,Dorie,Fauning,dfauning7v@fema.gov,Genderfluid
285,Mavis,Lautie,mlautie7w@biblegateway.com,Female
286,Laney,Coldrick,lcoldrick7x@archive.org,Male
287,Gerard,Collisson,gcollisson7y@boston.com,Male
288,Jacques,Evequot,jevequot7z@surveymonkey.com,Male
289,Rodolphe,Jillions,rjillions80@home.pl,Male
290,Loella,Crambie,lcrambie81@webs.com,Female
291,Otes,Kamena,okamena82@time.com,Male
292,Verena,Edelston,vedelston83@nih.gov,Female
293,Renata,Tooher,rtooher84@google.it,Female
294,Corina,Reding,creding85@is.gd,Female
295,Wilhelm,Roote,wroote86@fc2.com,Male
296,Bret,Hollows,bhollows87@multiply.com,Male
297,Alva,Dawidsohn,adawidsohn88@rakuten.co.jp,Male
298,Pris,Shillom,pshillom89@arizona.edu,Female
299,Clifford,Castelin,ccastelin8a@privacy.gov.au,Male
300,Nananne,Pettersen,npettersen8b@photobucket.com,Female
301,Ricky,Playford,rplayford8c@economist.com,Genderfluid
302,Daven,Coxall,dcoxall8d@goodreads.com,Agender
303,Herby,Bogges,hbogges8e@marketwatch.com,Male
304,Orton,Jandl,ojandl8f@npr.org,Male
305,Brittney,Lusted,blusted8g@deliciousdays.com,Female
306,Dorthy,Scraney,dscraney8h@shop-pro.jp,Female
307,Caesar,Tomet,ctomet8i@jigsy.com,Male
308,Tommie,MacVicar,tmacvicar8j@marriott.com,Male
309,Aube,Sumshon,asumshon8k@networksolutions.com,Male
310,Lani,Milstead,lmilstead8l@home.pl,Female
311,Asa,Besset,abesset8m@ow.ly,Male
312,Erika,Normant,enormant8n@amazon.co.uk,Female
313,Zebulen,Slocum,zslocum8o@biblegateway.com,Male
314,Norah,Orrett,norrett8p@smh.com.au,Female
315,Brand,Mandrey,bmandrey8q@sciencedirect.com,Male
316,Dania,Gabler,dgabler8r@squarespace.com,Female
317,Darya,Klimsch,dklimsch8s@storify.com,Agender
318,Lindi,Gammie,lgammie8t@icio.us,Bigender
319,Gayler,Kelberer,gkelberer8u@typepad.com,Male
320,Angeline,Parsley,aparsley8v@ftc.gov,Female
321,Maggie,Balden,mbalden8w@storify.com,Female
322,Yettie,Peyzer,ypeyzer8x@google.com.au,Female
323,Deirdre,Bleaden,dbleaden8y@ow.ly,Polygender
324,Martainn,McKinlay,mmckinlay8z@reverbnation.com,Male
325,Ruggiero,McBay,rmcbay90@twitpic.com,Male
326,Hollie,Allbut,hallbut91@jugem.jp,Female
327,Daffie,Antoni,dantoni92@pcworld.com,Female
328,Grayce,Rendbaek,grendbaek93@4shared.com,Female
329,Barbaraanne,Pawlata,bpawlata94@netvibes.com,Female
330,Janine,Curston,jcurston95@edublogs.org,Female
331,Gerladina,Mateiko,gmateiko96@behance.net,Female
332,Kienan,Gettins,kgettins97@zimbio.com,Male
333,Tabb,Adamov,tadamov98@zdnet.com,Male
334,Miranda,Lockley,mlockley99@dyndns.org,Female
335,Dianna,Nolin,dnolin9a@google.pl,Polygender
336,Sam,Ghidini,sghidini9b@samsung.com,Female
337,Valerye,Noonan,vnoonan9c@google.fr,Female
338,Hogan,Uccello,huccello9d@about.me,Male
339,Bili,Beckham,bbeckham9e@ted.com,Female
340,Patsy,Aikin,paikin9f@admin.ch,Non-binary
341,Sari,Oughton,soughton9g@google.nl,Female
342,Gran,Rivelin,grivelin9h@shop-pro.jp,Male
343,Perice,Arundel,parundel9i@walmart.com,Male
344,Laurent,Ridoutt,lridoutt9j@trellian.com,Polygender
345,Ephrayim,Bracken,ebracken9k@skyrock.com,Male
346,Adelaida,Scouller,ascouller9l@ask.com,Female
347,Aubine,Chiese,achiese9m@unblog.fr,Polygender
348,Stanford,Galland,sgalland9n@miibeian.gov.cn,Male
349,Sybil,Daldan,sdaldan9o@sciencedirect.com,Female
350,Kelwin,Duchenne,kduchenne9p@xrea.com,Male
351,Yorgos,Blackah,yblackah9q@shinystat.com,Male
352,Ernst,Langmaid,elangmaid9r@goo.ne.jp,Male
353,Korey,Galpin,kgalpin9s@utexas.edu,Male
354,Alvy,Ingarfill,aingarfill9t@youtu.be,Male
355,Aloin,Colston,acolston9u@amazon.com,Male
356,Sonnie,Osgood,sosgood9v@answers.com,Female
357,Alisa,Wilmore,awilmore9w@vistaprint.com,Female
358,Cristobal,Beathem,cbeathem9x@hostgator.com,Male
359,Barthel,Boggs,bboggs9y@lycos.com,Male
360,Rab,Berthon,rberthon9z@webmd.com,Male
361,Zebulen,Whitmore,zwhitmorea0@virginia.edu,Male
362,Wilona,Ceillier,wceilliera1@plala.or.jp,Female
363,Marquita,Nelson,mnelsona2@scientificamerican.com,Female
364,Erich,Streatfield,estreatfielda3@army.mil,Genderfluid
365,Shana,Kubas,skubasa4@blogs.com,Female
366,Veronique,O'Sculley,vosculleya5@wix.com,Female
367,Shawn,Zammett,szammetta6@gov.uk,Male
368,Estele,Scamaden,escamadena7@trellian.com,Female
369,Larry,Mixworthy,lmixworthya8@merriam-webster.com,Genderqueer
370,Kinsley,MacGuiness,kmacguinessa9@abc.net.au,Male
371,Lilia,Desport,ldesportaa@google.ca,Female
372,Gar,Morrissey,gmorrisseyab@buzzfeed.com,Male
373,Sheelah,Noar,snoarac@ning.com,Female
374,Ber,Preddle,bpreddlead@dell.com,Genderqueer
375,Beaufort,Pardon,bpardonae@hibu.com,Male
376,Tait,Stark,tstarkaf@lycos.com,Male
377,Cherice,Cutill,ccutillag@gnu.org,Female
378,Dorian,Challens,dchallensah@youtube.com,Female
379,Jameson,Saiger,jsaigerai@google.it,Male
380,Dorette,Hartley,dhartleyaj@weibo.com,Female
381,Jeromy,Devorill,jdevorillak@rediff.com,Male
382,Kristoforo,Broadbent,kbroadbental@latimes.com,Non-binary
383,Bar,Lammerding,blammerdingam@columbia.edu,Male
384,Melitta,Cammis,mcammisan@dropbox.com,Female
385,May,Kelmere,mkelmereao@sciencedaily.com,Female
386,Christine,Denkel,cdenkelap@mit.edu,Female
387,Latia,Belasco,lbelascoaq@wikipedia.org,Female
388,Marabel,Aishford,maishfordar@privacy.gov.au,Female
389,Orren,Esmond,oesmondas@is.gd,Male
390,Brice,Babb,bbabbat@wp.com,Male
391,Jonathan,Isaacs,jisaacsau@linkedin.com,Male
392,Celene,Blaxill,cblaxillav@dailymail.co.uk,Female
393,Otis,Daout,odaoutaw@nbcnews.com,Male
394,Hernando,Kidds,hkiddsax@nifty.com,Male
395,Leeann,Ruslen,lruslenay@cloudflare.com,Female
396,Chandler,Overil,coverilaz@facebook.com,Non-binary
397,Martino,Jaquiss,mjaquissb0@histats.com,Male
398,Casey,Cokely,ccokelyb1@desdev.cn,Female
399,Sharyl,Doxsey,sdoxseyb2@sciencedaily.com,Female
400,Arel,Connop,aconnopb3@gravatar.com,Male
401,Vina,Have,vhaveb4@netvibes.com,Female
402,Temple,Kenningley,tkenningleyb5@com.com,Male
403,Ninon,Joannic,njoannicb6@va.gov,Genderqueer
404,Erastus,McCullum,emccullumb7@nationalgeographic.com,Male
405,Timmie,Baudet,tbaudetb8@wiley.com,Male
406,Dennet,Malt,dmaltb9@moonfruit.com,Male
407,Kalil,Musson,kmussonba@booking.com,Agender
408,Roseann,Lackmann,rlackmannbb@businessinsider.com,Female
409,Reeva,Drayson,rdraysonbc@washingtonpost.com,Female
410,Lemuel,Sherwell,lsherwellbd@cbsnews.com,Male
411,Godfry,Di Bartolommeo,gdibartolommeobe@nydailynews.com,Bigender
412,Evanne,Creffield,ecreffieldbf@ustream.tv,Genderqueer
413,Melessa,Yvon,myvonbg@wikispaces.com,Female
414,Louie,Robberts,lrobbertsbh@purevolume.com,Male
415,Bianca,Follos,bfollosbi@amazon.co.uk,Female
416,Earlie,Adamek,eadamekbj@arizona.edu,Male
417,Lenard,Braysher,lbraysherbk@trellian.com,Agender
418,Alfons,Tregidgo,atregidgobl@google.cn,Male
419,Randie,Stump,rstumpbm@hexun.com,Female
420,Chrisy,Akrigg,cakriggbn@soundcloud.com,Male
421,Rickie,Dorkins,rdorkinsbo@facebook.com,Male
422,Vivianne,McNalley,vmcnalleybp@vinaora.com,Non-binary
423,Christoffer,Bonehill,cbonehillbq@baidu.com,Male
424,Hartwell,Patullo,hpatullobr@goo.ne.jp,Agender
425,Nichole,Whitehouse,nwhitehousebs@360.cn,Male
426,Dom,Lavender,dlavenderbt@delicious.com,Male
427,Boonie,Chaffen,bchaffenbu@oaic.gov.au,Male
428,Hale,Reisenstein,hreisensteinbv@arizona.edu,Male
429,Stephanus,Westnage,swestnagebw@hugedomains.com,Male
430,Harriet,Rawnsley,hrawnsleybx@wordpress.com,Female
431,Barrie,Ewbanck,bewbanckby@prweb.com,Female
432,Clementina,Hallard,challardbz@wufoo.com,Female
433,Dale,Trood,dtroodc0@twitter.com,Male
434,Doy,Thomelin,dthomelinc1@shareasale.com,Male
435,Minette,Dockreay,mdockreayc2@wunderground.com,Female
436,Raina,Bool,rboolc3@guardian.co.uk,Female
437,Sandy,Tonna,stonnac4@hugedomains.com,Female
438,Shanan,Scholcroft,sscholcroftc5@woothemes.com,Male
439,Paola,Pudge,ppudgec6@disqus.com,Female
440,Clementina,Da Costa,cdacostac7@bigcartel.com,Female
441,Mack,Wyper,mwyperc8@issuu.com,Male
442,Zechariah,Skain,zskainc9@is.gd,Male
443,Patsy,Dicks,pdicksca@clickbank.net,Male
444,Prince,Rankmore,prankmorecb@hexun.com,Male
445,Tessie,Le Grys,tlegryscc@ftc.gov,Female
446,Davide,Wadsworth,dwadsworthcd@hao123.com,Male
447,Rob,Grigorescu,rgrigorescuce@about.me,Male
448,Luca,Cusack,lcusackcf@gmpg.org,Male
449,Jocelyne,Rosen,jrosencg@smugmug.com,Female
450,Jaymie,Fullick,jfullickch@blinklist.com,Male
451,Norine,De Blasi,ndeblasici@bloomberg.com,Female
452,Esmeralda,Mirfin,emirfincj@washingtonpost.com,Female
453,Forester,Starzaker,fstarzakerck@spiegel.de,Male
454,Roy,Fawdrie,rfawdriecl@sciencedirect.com,Non-binary
455,Jocko,Bathoe,jbathoecm@example.com,Male
456,Karena,Blakeman,kblakemancn@yahoo.co.jp,Female
457,Kaspar,Anthoine,kanthoineco@samsung.com,Male
458,Moyna,Debold,mdeboldcp@bandcamp.com,Female
459,Junina,Endersby,jendersbycq@mit.edu,Female
460,Drew,Grewe,dgrewecr@aboutads.info,Non-binary
461,Remy,Pardey,rpardeycs@ameblo.jp,Female
462,Noelle,Rapa,nrapact@hostgator.com,Bigender
463,Everett,Edworthie,eedworthiecu@goo.gl,Male
464,Julie,Yakovliv,jyakovlivcv@ted.com,Male
465,Obed,Uren,ourencw@tumblr.com,Male
466,Kaleena,Willgrass,kwillgrasscx@dot.gov,Female
467,Karil,Ashpole,kashpolecy@yelp.com,Female
468,Gerhard,Safe,gsafecz@clickbank.net,Male
469,Chrisy,Mayworth,cmayworthd0@opensource.org,Male
470,Faydra,Blakden,fblakdend1@gov.uk,Female
471,Rebekkah,Daly,rdalyd2@cisco.com,Female
472,Susy,Strapp,sstrappd3@msn.com,Female
473,Bordy,Guinnane,bguinnaned4@drupal.org,Genderfluid
474,Peggi,Lofty,ploftyd5@nytimes.com,Female
475,Carine,Levensky,clevenskyd6@msn.com,Female
476,Demetris,Luberti,dlubertid7@tripadvisor.com,Male
477,Silvana,Gladdish,sgladdishd8@disqus.com,Female
478,Ange,Husbands,ahusbandsd9@google.com,Female
479,Pattie,Grove,pgroveda@geocities.com,Male
480,Silvana,Skully,sskullydb@imdb.com,Female
481,Luce,Whickman,lwhickmandc@businessinsider.com,Polygender
482,Hillier,St Leger,hstlegerdd@bravesites.com,Male
483,Anthiathia,Cotilard,acotilardde@goodreads.com,Female
484,Levi,Trevaskus,ltrevaskusdf@hexun.com,Male
485,Ilise,Nardoni,inardonidg@google.it,Female
486,Vivia,Dray,vdraydh@spiegel.de,Female
487,Janella,Lanphier,jlanphierdi@msn.com,Female
488,Walker,Labdon,wlabdondj@mozilla.com,Male
489,Pasquale,Duesbury,pduesburydk@ucsd.edu,Male
490,Lura,Simenon,lsimenondl@artisteer.com,Female
491,Sheffie,Ongin,songindm@answers.com,Male
492,Alverta,Caitlin,acaitlindn@narod.ru,Female
493,Zacharias,McCullough,zmcculloughdo@youtube.com,Male
494,Shea,Issac,sissacdp@about.me,Male
495,Noam,Beig,nbeigdq@hao123.com,Male
496,Jorey,Brough,jbroughdr@senate.gov,Bigender
497,Nickolaus,Johananov,njohananovds@rambler.ru,Male
498,Rafaello,Cuthbertson,rcuthbertsondt@earthlink.net,Male
499,Zebedee,Crimes,zcrimesdu@ebay.com,Male
500,Alanson,Domenge,adomengedv@etsy.com,Male
501,Sheelagh,Blease,sbleasedw@buzzfeed.com,Female
502,Warde,Goosey,wgooseydx@nature.com,Male
503,Derwin,Pagan,dpagandy@utexas.edu,Genderqueer
504,Thatcher,Bavage,tbavagedz@google.de,Male
505,Kennett,Mincher,kminchere0@webeden.co.uk,Male
506,Jakob,Beernt,jbeernte1@last.fm,Male
507,Darcey,Jodkowski,djodkowskie2@dyndns.org,Female
508,Godfrey,Kilcullen,gkilcullene3@tinypic.com,Genderqueer
509,Cathi,Baack,cbaacke4@imageshack.us,Female
510,Erwin,Fricke,efrickee5@cnet.com,Male
511,Gertruda,Renols,grenolse6@uol.com.br,Female
512,See,Blight,sblighte7@163.com,Male
513,Cristobal,Trase,ctrasee8@is.gd,Male
514,Meryl,Mac Geaney,mmacgeaneye9@bigcartel.com,Female
515,Marc,Hassent,mhassentea@taobao.com,Male
516,Barnard,Bechley,bbechleyeb@dailymotion.com,Male
517,Henrie,Scamaden,hscamadenec@guardian.co.uk,Female
518,Drucie,Hearnes,dhearnesed@studiopress.com,Female
519,Randee,Knell,rknellee@scribd.com,Female
520,Leigh,Pottie,lpottieef@hibu.com,Male
521,Alberik,Lenihan,alenihaneg@mayoclinic.com,Male
522,Hermia,Ewert,hewerteh@tinyurl.com,Female
523,Modestia,Brager,mbragerei@altervista.org,Female
524,Ilene,Roxbee,iroxbeeej@google.es,Female
525,Lazarus,Dimont,ldimontek@boston.com,Male
526,Ricard,Culpan,rculpanel@paginegialle.it,Male
527,Melany,Landsbury,mlandsburyem@deliciousdays.com,Female
528,Wolfie,Elsley,welsleyen@amazon.de,Male
529,Kile,Slowan,kslowaneo@example.com,Male
530,Clemmie,Maciunas,cmaciunasep@squarespace.com,Female
531,Kahlil,McTrustey,kmctrusteyeq@washington.edu,Male
532,Chelsey,Rentoul,crentouler@oracle.com,Female
533,Alysa,Hickisson,ahickissones@ning.com,Female
534,Cece,Frudd,cfruddet@columbia.edu,Male
535,Kaela,Chanter,kchantereu@sphinn.com,Non-binary
536,Royal,Hussey,rhusseyev@census.gov,Male
537,Alick,Drane,adraneew@kickstarter.com,Male
538,Shandra,Costard,scostardex@wufoo.com,Female
539,Moe,Pottle,mpottleey@usnews.com,Male
540,Koral,Boyett,kboyettez@wikia.com,Female
541,Alane,Hadcroft,ahadcroftf0@ustream.tv,Female
542,Margret,Davidovics,mdavidovicsf1@gnu.org,Female
543,Sheeree,Galero,sgalerof2@statcounter.com,Female
544,Kendal,Duignan,kduignanf3@amazon.de,Male
545,Delora,Brunstan,dbrunstanf4@cbsnews.com,Female
546,Moe,Finlay,mfinlayf5@accuweather.com,Male
547,Rawley,Mollatt,rmollattf6@networksolutions.com,Genderfluid
548,Blondelle,Landal,blandalf7@nsw.gov.au,Female
549,Afton,Kellard,akellardf8@nbcnews.com,Genderqueer
550,Drake,Woolston,dwoolstonf9@quantcast.com,Male
551,Shanan,Fann,sfannfa@facebook.com,Male
552,Paddy,Brightey,pbrighteyfb@wikispaces.com,Male
553,Alvan,Shaplin,ashaplinfc@sciencedirect.com,Male
554,Raquel,Scrivener,rscrivenerfd@123-reg.co.uk,Female
555,Morna,Brompton,mbromptonfe@dailymotion.com,Female
556,Gayler,Scotcher,gscotcherff@about.com,Male
557,Coretta,O'Dreain,codreainfg@marriott.com,Female
558,Sybila,Gossipin,sgossipinfh@chron.com,Female
559,Culver,Bourrel,cbourrelfi@furl.net,Male
560,Karolina,Hakey,khakeyfj@dropbox.com,Female
561,Michale,Chestney,mchestneyfk@google.co.uk,Male
562,Stacey,Skillington,sskillingtonfl@php.net,Female
563,Sylvan,Hessenthaler,shessenthalerfm@ebay.com,Male
564,Nealy,Marte,nmartefn@google.nl,Male
565,Udall,Arnal,uarnalfo@w3.org,Male
566,Otes,Rentcome,orentcomefp@shop-pro.jp,Agender
567,Anne,Whitlock,awhitlockfq@weather.com,Agender
568,Leanora,Sapauton,lsapautonfr@theguardian.com,Female
569,Linell,Willerstone,lwillerstonefs@weibo.com,Agender
570,Hobey,Hardan,hhardanft@blogger.com,Male
571,Elsi,Carabet,ecarabetfu@statcounter.com,Genderfluid
572,Carmelina,Kasparski,ckasparskifv@alibaba.com,Bigender
573,Howard,Valentino,hvalentinofw@mayoclinic.com,Male
574,Ransom,Spera,rsperafx@phpbb.com,Male
575,Emma,Lindman,elindmanfy@yellowbook.com,Female
576,Regina,Flewitt,rflewittfz@ihg.com,Female
577,Breena,Petrichat,bpetrichatg0@digg.com,Female
578,Gerhardine,Dyett,gdyettg1@ustream.tv,Female
579,Pincus,Macieja,pmaciejag2@homestead.com,Male
580,Klaus,Westhoff,kwesthoffg3@webs.com,Male
581,Jone,Gather,jgatherg4@youtu.be,Male
582,Dorri,Totterdill,dtotterdillg5@comsenz.com,Genderfluid
583,Tatiana,Balke,tbalkeg6@gmpg.org,Female
584,Tiffie,Merriott,tmerriottg7@bizjournals.com,Female
585,Ari,Halfacre,ahalfacreg8@slideshare.net,Male
586,Cull,Attenburrow,cattenburrowg9@reddit.com,Male
587,Hogan,Lytle,hlytlega@omniture.com,Male
588,Hermy,Jansens,hjansensgb@gov.uk,Male
589,Georgine,Barabisch,gbarabischgc@list-manage.com,Female
590,Billi,Durward,bdurwardgd@smugmug.com,Female
591,Raeann,O' Liddy,roliddyge@ehow.com,Female
592,Talbot,Pindell,tpindellgf@hud.gov,Male
593,Evanne,Simmell,esimmellgg@cam.ac.uk,Female
594,Emmanuel,McCready,emccreadygh@webmd.com,Male
595,Melodee,Hymans,mhymansgi@bbc.co.uk,Female
596,Ignaz,Caldwall,icaldwallgj@seesaa.net,Genderfluid
597,Joelly,Grigorkin,jgrigorkingk@free.fr,Female
598,Benjamin,Gwinnett,bgwinnettgl@deviantart.com,Male
599,Bel,Cavendish,bcavendishgm@woothemes.com,Female
600,Pierce,Gannon,pgannongn@google.com.br,Male
601,Boyce,Flew,bflewgo@360.cn,Polygender
602,Woodman,Entwistle,wentwistlegp@hugedomains.com,Male
603,Gaynor,Trew,gtrewgq@tinyurl.com,Female
604,Harmonia,Challender,hchallendergr@miitbeian.gov.cn,Female
605,Christoforo,Allawy,callawygs@biblegateway.com,Male
606,Mariele,Penrith,mpenrithgt@google.ru,Female
607,Alyda,Stolberg,astolberggu@last.fm,Female
608,Reena,Larkworthy,rlarkworthygv@prweb.com,Bigender
609,Nahum,Allix,nallixgw@digg.com,Male
610,Jeannette,Birkby,jbirkbygx@storify.com,Female
611,Mattheus,Ankers,mankersgy@networkadvertising.org,Male
612,Leta,Aloshkin,laloshkingz@flickr.com,Female
613,Weidar,Poon,wpoonh0@vkontakte.ru,Male
614,Dorette,Sinden,dsindenh1@noaa.gov,Female
615,Enrika,Hanbury-Brown,ehanburybrownh2@yellowpages.com,Female
616,Kerrill,Havers,khaversh3@bloglovin.com,Female
617,Hilliary,Stanman,hstanmanh4@google.nl,Female
618,Harley,Shark,hsharkh5@hubpages.com,Male
619,Gusta,Fane,gfaneh6@phpbb.com,Female
620,Jude,Mellor,jmellorh7@slate.com,Male
621,Linnea,Pedler,lpedlerh8@ocn.ne.jp,Female
622,Elfrieda,Blamires,eblamiresh9@paginegialle.it,Female
623,Jobi,Feyer,jfeyerha@reddit.com,Female
624,Leupold,Bugler,lbuglerhb@huffingtonpost.com,Male
625,Jozef,O'Lochan,jolochanhc@dell.com,Male
626,Bear,Skoyles,bskoyleshd@i2i.jp,Male
627,Linell,Gilbertson,lgilbertsonhe@zimbio.com,Female
628,Hannis,Scaddon,hscaddonhf@examiner.com,Female
629,Aimee,Spacey,aspaceyhg@admin.ch,Female
630,Peter,Zanussii,pzanussiihh@epa.gov,Genderfluid
631,Dewey,Adair,dadairhi@xrea.com,Male
632,Leigh,Matyugin,lmatyuginhj@prnewswire.com,Genderqueer
633,Chas,Nilges,cnilgeshk@cnet.com,Male
634,Reina,Krolik,rkrolikhl@shareasale.com,Female
635,Roxane,Bendixen,rbendixenhm@ebay.co.uk,Female
636,Lothario,Lukas,llukashn@pinterest.com,Genderqueer
637,Fredek,Grigorescu,fgrigorescuho@opera.com,Male
638,Titos,Gartshore,tgartshorehp@spotify.com,Male
639,Meg,Jirik,mjirikhq@joomla.org,Female
640,Gypsy,Seleway,gselewayhr@japanpost.jp,Female
641,Yorgo,Jiggen,yjiggenhs@w3.org,Male
642,Terri,Mellodey,tmellodeyht@ox.ac.uk,Female
643,Jeromy,Castrillo,jcastrillohu@mozilla.com,Male
644,Reena,Sings,rsingshv@eepurl.com,Female
645,Cosette,Alty,caltyhw@angelfire.com,Genderqueer
646,Alayne,McPaik,amcpaikhx@odnoklassniki.ru,Female
647,Chelsy,Tother,ctotherhy@privacy.gov.au,Female
648,Nelson,Eilhart,neilharthz@studiopress.com,Male
649,Nikolos,Brooksbank,nbrooksbanki0@myspace.com,Male
650,Bogey,Colliber,bcolliberi1@dot.gov,Male
651,Roseanne,Hackly,rhacklyi2@imdb.com,Female
652,Langston,Fallow,lfallowi3@comsenz.com,Male
653,Sibylla,Kunath,skunathi4@etsy.com,Non-binary
654,Granville,Acors,gacorsi5@hatena.ne.jp,Male
655,Lorelle,Ovize,lovizei6@storify.com,Female
656,Tess,Mawtus,tmawtusi7@altervista.org,Female
657,Howie,Dunstone,hdunstonei8@tamu.edu,Male
658,Emmit,Swaby,eswabyi9@pbs.org,Male
659,Forester,Northedge,fnorthedgeia@1und1.de,Male
660,Michel,Salzen,msalzenib@hostgator.com,Female
661,Eloisa,Pietesch,epieteschic@fastcompany.com,Genderfluid
662,Hyacinthia,Durdle,hdurdleid@myspace.com,Female
663,Quillan,Dunkerton,qdunkertonie@slideshare.net,Male
664,Dannye,Songest,dsongestif@wikimedia.org,Female
665,Shanta,Tort,stortig@csmonitor.com,Female
666,Rollo,Sandford,rsandfordih@narod.ru,Male
667,Enrika,Brussell,ebrussellii@npr.org,Female
668,Land,Kitchener,lkitchenerij@live.com,Male
669,Amie,Jedraszczyk,ajedraszczykik@ebay.com,Female
670,Elwyn,Muckian,emuckianil@google.com,Male
671,Marietta,Westhofer,mwesthoferim@state.gov,Female
672,Lorine,Yesenin,lyeseninin@ca.gov,Female
673,Trstram,Deboo,tdebooio@addthis.com,Male
674,Gilbertine,Dartan,gdartanip@godaddy.com,Female
675,Bernie,Wannes,bwannesiq@yandex.ru,Female
676,Trueman,Cadore,tcadoreir@google.it,Male
677,Reg,Curson,rcursonis@nydailynews.com,Male
678,Lavina,Ciciari,lciciariit@goo.gl,Genderfluid
679,Holly,de Almeida,hdealmeidaiu@tripod.com,Male
680,Darci,Priestley,dpriestleyiv@archive.org,Female
681,Ketti,Wandrey,kwandreyiw@jimdo.com,Female
682,Kasey,Campa,kcampaix@furl.net,Female
683,Raff,Jeffs,rjeffsiy@dedecms.com,Polygender
684,Chester,Abele,cabeleiz@stumbleupon.com,Male
685,Beth,Hanalan,bhanalanj0@ustream.tv,Bigender
686,Bobbette,Larrat,blarratj1@msu.edu,Female
687,Matti,Biset,mbisetj2@sun.com,Genderqueer
688,Abram,de Guerre,adeguerrej3@telegraph.co.uk,Male
689,Karole,Proctor,kproctorj4@spiegel.de,Female
690,Jerry,Vennard,jvennardj5@feedburner.com,Male
691,Maxy,Blaksland,mblakslandj6@cdbaby.com,Female
692,Christian,Ely,celyj7@walmart.com,Male
693,Normand,Caswall,ncaswallj8@forbes.com,Male
694,Blinni,McMoyer,bmcmoyerj9@ucla.edu,Non-binary
695,Pacorro,Deneve,pdeneveja@salon.com,Male
696,Lucienne,Pescott,lpescottjb@washington.edu,Female
697,Katlin,Connors,kconnorsjc@theglobeandmail.com,Female
698,Thelma,Stanwix,tstanwixjd@jimdo.com,Female
699,Remington,Stadden,rstaddenje@nsw.gov.au,Male
700,Randall,Duckett,rduckettjf@opera.com,Male
701,Billie,Keynes,bkeynesjg@yahoo.com,Male
702,Edgard,Lardiner,elardinerjh@biglobe.ne.jp,Male
703,Burlie,Still,bstillji@ning.com,Male
704,Dannel,Kilban,dkilbanjj@bbb.org,Male
705,Andriana,Hyrons,ahyronsjk@ox.ac.uk,Female
706,Linnea,Probyn,lprobynjl@so-net.ne.jp,Female
707,Sharline,Baughn,sbaughnjm@epa.gov,Female
708,Flossy,Mogenot,fmogenotjn@seattletimes.com,Polygender
709,Tabatha,Lyburn,tlyburnjo@163.com,Female
710,Janean,Camis,jcamisjp@sohu.com,Female
711,Paxton,Leeuwerink,pleeuwerinkjq@nih.gov,Male
712,Worthington,Smout,wsmoutjr@godaddy.com,Male
713,Myrtle,Elston,melstonjs@dyndns.org,Female
714,Enrica,Paulitschke,epaulitschkejt@geocities.jp,Female
715,Hendrik,Lebond,hlebondju@ted.com,Male
716,Chadd,Windrus,cwindrusjv@bravesites.com,Male
717,Bruno,Gress,bgressjw@eventbrite.com,Male
718,Concordia,Lerego,cleregojx@ning.com,Female
719,Bambi,Farncombe,bfarncombejy@tamu.edu,Female
720,Ari,Fend,afendjz@lulu.com,Male
721,Norean,Gillam,ngillamk0@google.co.uk,Female
722,Knox,Tombs,ktombsk1@purevolume.com,Male
723,Gordan,Foskin,gfoskink2@pinterest.com,Male
724,Clarey,Petrie,cpetriek3@4shared.com,Female
725,Demetre,Chander,dchanderk4@elpais.com,Male
726,Alica,Vaughan-Hughes,avaughanhughesk5@flavors.me,Female
727,Keen,Kyte,kkytek6@yale.edu,Male
728,Ber,Coaker,bcoakerk7@google.ru,Male
729,Robbie,Brobeck,rbrobeckk8@live.com,Male
730,Joly,Salling,jsallingk9@altervista.org,Female
731,Mariya,Dudman,mdudmanka@geocities.com,Female
732,Marylou,Martusewicz,mmartusewiczkb@globo.com,Female
733,Arlene,Mabbutt,amabbuttkc@qq.com,Female
734,Robinette,Caslin,rcaslinkd@cnet.com,Female
735,Constantine,Allington,callingtonke@archive.org,Female
736,Derril,Sulter,dsulterkf@yellowpages.com,Male
737,Moshe,Ouldred,mouldredkg@homestead.com,Male
738,Ebony,Ineson,einesonkh@eepurl.com,Female
739,Kathye,Blenkharn,kblenkharnki@mit.edu,Female
740,Olivier,Hardacre,ohardacrekj@123-reg.co.uk,Male
741,Sofie,Wallach,swallachkk@oaic.gov.au,Female
742,Keir,Blackeby,kblackebykl@paypal.com,Male
743,Taylor,Spiaggia,tspiaggiakm@answers.com,Male
744,Isac,Birdis,ibirdiskn@live.com,Genderfluid
745,Freemon,Haydon,fhaydonko@bloglines.com,Male
746,Konrad,Dalligan,kdalligankp@prnewswire.com,Male
747,Linell,Lubbock,llubbockkq@si.edu,Female
748,Anita,Berkeley,aberkeleykr@reuters.com,Genderfluid
749,Rollie,Revett,rrevettks@noaa.gov,Male
750,Carolan,Fitchett,cfitchettkt@whitehouse.gov,Female
751,Evin,Sewell,esewellku@netscape.com,Genderqueer
752,Harmon,Brecknell,hbrecknellkv@reuters.com,Male
753,Janos,Larrett,jlarrettkw@yolasite.com,Male
754,Luis,McLuckie,lmcluckiekx@washingtonpost.com,Male
755,Samara,Farr,sfarrky@indiegogo.com,Female
756,Fax,Andrez,fandrezkz@digg.com,Non-binary
757,Laurena,Albro,lalbrol0@spotify.com,Female
758,Drew,Grassot,dgrassotl1@omniture.com,Male
759,Nadeen,Pankettman,npankettmanl2@economist.com,Female
760,Simone,Bootyman,sbootymanl3@infoseek.co.jp,Non-binary
761,Olimpia,Bonnavant,obonnavantl4@hao123.com,Female
762,Lind,Dirand,ldirandl5@tinypic.com,Female
763,Hobard,Tudge,htudgel6@github.io,Male
764,Sonnie,Stetson,sstetsonl7@umn.edu,Male
765,Madelaine,Stonehewer,mstonehewerl8@theatlantic.com,Female
766,Lesley,McTrustey,lmctrusteyl9@tinyurl.com,Female
767,Nada,Sheeran,nsheeranla@google.es,Female
768,Nollie,Rollings,nrollingslb@pbs.org,Female
769,Karel,Woodage,kwoodagelc@exblog.jp,Female
770,Isabel,Kirlin,ikirlinld@sina.com.cn,Female
771,Theodosia,Fandrich,tfandrichle@psu.edu,Female
772,Cyrus,Grigoryev,cgrigoryevlf@yale.edu,Male
773,Douglas,Worsham,dworshamlg@marketwatch.com,Male
774,Theobald,Ledgister,tledgisterlh@plala.or.jp,Male
775,Mayer,Northley,mnorthleyli@slashdot.org,Male
776,Padgett,Yeell,pyeelllj@dyndns.org,Male
777,Laureen,Faulo,lfaulolk@canalblog.com,Female
778,Vanda,Scrivinor,vscrivinorll@ebay.co.uk,Female
779,Ingemar,Beasley,ibeasleylm@example.com,Male
780,Myrvyn,Kroch,mkrochln@wordpress.org,Male
781,Broderick,Hawes,bhaweslo@deliciousdays.com,Male
782,Charlotte,Goudard,cgoudardlp@fema.gov,Female
783,Twila,Thicking,tthickinglq@msu.edu,Female
784,Barthel,Suddell,bsuddelllr@amazon.de,Male
785,Gallagher,Feaviour,gfeaviourls@gmpg.org,Male
786,Corbie,Foxcroft,cfoxcroftlt@ucsd.edu,Male
787,Waylen,Truggian,wtruggianlu@irs.gov,Male
788,Clea,Corsor,ccorsorlv@cyberchimps.com,Female
789,Trina,Laslett,tlaslettlw@wunderground.com,Female
790,Phillie,Milsap,pmilsaplx@latimes.com,Female
791,Durante,Hurlston,dhurlstonly@goo.gl,Male
792,Stan,Hornig,shorniglz@mayoclinic.com,Male
793,Anastasie,Danelut,adanelutm0@topsy.com,Female
794,Ibbie,Frisch,ifrischm1@list-manage.com,Genderfluid
795,Lenore,Porker,lporkerm2@usa.gov,Female
796,Winnah,Timmons,wtimmonsm3@ning.com,Female
797,Alanah,Shooter,ashooterm4@unesco.org,Genderqueer
798,Hildagarde,Milillo,hmilillom5@sciencedaily.com,Female
799,Dagmar,Shemwell,dshemwellm6@goo.ne.jp,Female
800,Benoit,Songist,bsongistm7@alibaba.com,Male
801,Darlleen,Krahl,dkrahlm8@jugem.jp,Female
802,Francine,Longden,flongdenm9@nature.com,Female
803,Harriett,Schiersch,hschierschma@slideshare.net,Female
804,Sabrina,Thomassen,sthomassenmb@ezinearticles.com,Female
805,Moise,Leake,mleakemc@edublogs.org,Male
806,Wilona,Strachan,wstrachanmd@globo.com,Genderfluid
807,Roanna,Abells,rabellsme@wordpress.com,Female
808,Tabatha,Allbon,tallbonmf@home.pl,Female
809,Elvin,Joscelyn,ejoscelynmg@google.de,Male
810,Gustav,Siemianowicz,gsiemianowiczmh@qq.com,Male
811,Barnaby,Piburn,bpiburnmi@ucsd.edu,Male
812,Tommie,Izakoff,tizakoffmj@wired.com,Female
813,Sibeal,Denkin,sdenkinmk@nyu.edu,Female
814,Crystie,Toping,ctopingml@oaic.gov.au,Female
815,Jazmin,Connichie,jconnichiemm@google.com.br,Female
816,Dannie,Ikin,dikinmn@amazon.com,Male
817,Lionello,Pauli,lpaulimo@etsy.com,Male
818,Ladonna,Surridge,lsurridgemp@pbs.org,Female
819,Joy,Doale,jdoalemq@patch.com,Female
820,Gardner,Atrill,gatrillmr@shareasale.com,Male
821,Ferne,Leithgoe,fleithgoems@networksolutions.com,Female
822,Eadmund,Armistead,earmisteadmt@fc2.com,Male
823,Elka,Elfe,eelfemu@amazon.co.jp,Non-binary
824,Fred,Gonsalvez,fgonsalvezmv@time.com,Female
825,Rozalie,Dabourne,rdabournemw@simplemachines.org,Female
826,Barth,Tommis,btommismx@over-blog.com,Male
827,Delaney,Mayberry,dmayberrymy@cocolog-nifty.com,Male
828,Hewie,Grigore,hgrigoremz@usa.gov,Male
829,Corina,Smead,csmeadn0@wikispaces.com,Female
830,Ced,Janda,cjandan1@hatena.ne.jp,Male
831,Fey,Pre,fpren2@cargocollective.com,Female
832,Ciro,Tingcomb,ctingcombn3@bbc.co.uk,Male
833,Marcelia,Borrow,mborrown4@yellowpages.com,Female
834,Rutherford,Ludwig,rludwign5@zimbio.com,Male
835,Yancey,Gouley,ygouleyn6@ed.gov,Male
836,Jessie,Petofi,jpetofin7@is.gd,Female
837,Cathleen,Massingberd,cmassingberdn8@soundcloud.com,Female
838,Arnold,Costello,acostellon9@indiegogo.com,Male
839,Rupert,Harvard,rharvardna@geocities.jp,Male
840,Calley,Spurritt,cspurrittnb@php.net,Female
841,Meredith,Scones,msconesnc@linkedin.com,Female
842,Rossy,Hansed,rhansednd@hp.com,Male
843,Iggie,Middlemass,imiddlemassne@geocities.com,Male
844,Archambault,Chung,achungnf@xinhuanet.com,Male
845,Brittaney,De Ruggiero,bderuggierong@angelfire.com,Female
846,Ninon,Logsdale,nlogsdalenh@archive.org,Female
847,Dulcia,Watts,dwattsni@a8.net,Female
848,Padraic,Kulicke,pkulickenj@tuttocitta.it,Male
849,Anabella,Copello,acopellonk@pinterest.com,Female
850,Decca,Winkless,dwinklessnl@acquirethisname.com,Male
851,Leland,Dyne,ldynenm@umn.edu,Male
852,Elianore,Saunders,esaundersnn@opensource.org,Female
853,Kristina,Matuszynski,kmatuszynskino@topsy.com,Female
854,Ricardo,Hort,rhortnp@home.pl,Male
855,Kylie,Hurton,khurtonnq@chron.com,Female
856,Fitz,Pigney,fpigneynr@taobao.com,Male
857,Yancy,Skitterel,yskitterelns@wufoo.com,Male
858,Betta,Alstead,balsteadnt@nhs.uk,Female
859,Sylvia,Perigo,sperigonu@123-reg.co.uk,Female
860,Katti,Conybear,kconybearnv@chicagotribune.com,Female
861,Jacquelyn,Rubertelli,jrubertellinw@about.me,Female
862,Giovanna,Tourne,gtournenx@liveinternet.ru,Female
863,Bealle,Brinkley,bbrinkleyny@cnn.com,Male
864,Janie,Kelby,jkelbynz@walmart.com,Female
865,Abeu,Dog,adogo0@jugem.jp,Male
866,Cullen,McCrainor,cmccrainoro1@php.net,Male
867,Eartha,Westell,ewestello2@unc.edu,Female
868,Maggie,Sunner,msunnero3@prweb.com,Non-binary
869,Cortney,Bielfelt,cbielfelto4@mit.edu,Female
870,Roze,Phipson,rphipsono5@pinterest.com,Genderfluid
871,Taryn,Howles,thowleso6@altervista.org,Female
872,Arleta,Witter,awittero7@bigcartel.com,Female
873,Petronella,Flitcroft,pflitcrofto8@artisteer.com,Female
874,Benjy,Armor,barmoro9@xinhuanet.com,Male
875,Nolan,Persich,npersichoa@opera.com,Male
876,Harri,Waison,hwaisonob@dot.gov,Female
877,Torey,Souness,tsounessoc@de.vu,Female
878,Trent,Lakes,tlakesod@stanford.edu,Male
879,Jonathon,Rotlauf,jrotlaufoe@shop-pro.jp,Male
880,Rutter,Casiroli,rcasiroliof@ucsd.edu,Male
881,Corrine,Wedderburn,cwedderburnog@washingtonpost.com,Female
882,Dorolisa,Maltby,dmaltbyoh@myspace.com,Female
883,Hugh,Frenzl,hfrenzloi@whitehouse.gov,Male
884,Allan,Harwin,aharwinoj@pagesperso-orange.fr,Male
885,Marilyn,Pearse,mpearseok@webeden.co.uk,Female
886,Maritsa,Lonnon,mlonnonol@cbslocal.com,Female
887,Benedicto,Bedborough,bbedboroughom@hud.gov,Male
888,Tommie,Vize,tvizeon@i2i.jp,Male
889,Lark,Mulbry,lmulbryoo@weather.com,Female
890,Marjie,Barnet,mbarnetop@theatlantic.com,Female
891,Dolf,Vignal,dvignaloq@wsj.com,Male
892,Luz,Ainslie,lainslieor@cnn.com,Female
893,Lucita,Symons,lsymonsos@google.pl,Female
894,Tomkin,McVaugh,tmcvaughot@elegantthemes.com,Male
895,Yolanda,Hambelton,yhambeltonou@cnet.com,Female
896,Jeana,Self,jselfov@tinypic.com,Female
897,Chas,Denziloe,cdenziloeow@wsj.com,Male
898,Marielle,Bitterton,mbittertonox@huffingtonpost.com,Bigender
899,Clemence,Liddle,cliddleoy@ezinearticles.com,Female
900,Thia,Stinton,tstintonoz@facebook.com,Female
901,Matthias,Kingwell,mkingwellp0@unicef.org,Male
902,Marilee,Salvidge,msalvidgep1@independent.co.uk,Female
903,Suki,Garrit,sgarritp2@goo.ne.jp,Female
904,Stanley,O'Connell,soconnellp3@pen.io,Male
905,Hermy,Mackilpatrick,hmackilpatrickp4@virginia.edu,Agender
906,Zandra,Brittlebank,zbrittlebankp5@addtoany.com,Female
907,Marilyn,Forri,mforrip6@hexun.com,Female
908,Oona,Klampt,oklamptp7@devhub.com,Female
909,Gabriellia,Alaway,galawayp8@indiatimes.com,Female
910,Nickie,Belcham,nbelchamp9@wikia.com,Female
911,Milton,Heisman,mheismanpa@zdnet.com,Male
912,Ian,Bielfeldt,ibielfeldtpb@t.co,Male
913,Clo,Rigmand,crigmandpc@soup.io,Female
914,Francisco,Dael,fdaelpd@indiegogo.com,Male
915,Redford,Foucard,rfoucardpe@comcast.net,Male
916,Moyna,Rubenovic,mrubenovicpf@msu.edu,Female
917,Sebastien,Daintry,sdaintrypg@theglobeandmail.com,Bigender
918,Temp,Hubach,thubachph@state.tx.us,Male
919,Sadye,Van der Hoven,svanderhovenpi@networkadvertising.org,Female
920,Lindy,McAuliffe,lmcauliffepj@youtu.be,Female
921,Dukie,Sarjeant,dsarjeantpk@qq.com,Polygender
922,Tiffani,Cyples,tcyplespl@google.co.jp,Female
923,Anabal,Beresfore,aberesforepm@abc.net.au,Female
924,Felike,Stormes,fstormespn@ox.ac.uk,Male
925,Olin,Dean,odeanpo@facebook.com,Male
926,Durante,Conti,dcontipp@miibeian.gov.cn,Agender
927,Gnni,Kane,gkanepq@zdnet.com,Female
928,Kelsi,Lemmers,klemmerspr@webmd.com,Female
929,Cornie,Goodyear,cgoodyearps@java.com,Female
930,Roth,Merriday,rmerridaypt@over-blog.com,Male
931,Viva,Luigi,vluigipu@google.com.hk,Genderqueer
932,Chris,Trays,ctrayspv@blogtalkradio.com,Female
933,Pennie,Rushe,prushepw@youtu.be,Non-binary
934,Nolana,Copnell,ncopnellpx@a8.net,Female
935,Mariellen,Jefferys,mjefferyspy@cocolog-nifty.com,Female
936,Barbie,Briskey,bbriskeypz@pagesperso-orange.fr,Female
937,Paige,Brewett,pbrewettq0@wikipedia.org,Female
938,Charleen,Hillatt,chillattq1@elegantthemes.com,Female
939,Tymothy,Calway,tcalwayq2@bizjournals.com,Male
940,Sheffield,Rains,srainsq3@marriott.com,Male
941,Field,Trulocke,ftrulockeq4@state.tx.us,Male
942,Candra,Dellenty,cdellentyq5@hexun.com,Genderqueer
943,Alvina,Rustman,arustmanq6@theatlantic.com,Genderfluid
944,Dorelia,Hyde,dhydeq7@nydailynews.com,Female
945,Rosco,Whitelaw,rwhitelawq8@nps.gov,Male
946,Emlyn,Vawton,evawtonq9@rediff.com,Female
947,Salomo,Flowers,sflowersqa@springer.com,Male
948,Edvard,Lockwood,elockwoodqb@wix.com,Male
949,Alan,Alu,aaluqc@techcrunch.com,Male
950,Galvan,Peller,gpellerqd@1und1.de,Male
951,Tudor,Nevison,tnevisonqe@dropbox.com,Polygender
952,Pancho,Channer,pchannerqf@arizona.edu,Non-binary
953,Karee,Belcher,kbelcherqg@sciencedaily.com,Female
954,Deena,Wilcocks,dwilcocksqh@linkedin.com,Female
955,Hermione,Pettegre,hpettegreqi@sfgate.com,Agender
956,Madison,Revitt,mrevittqj@rakuten.co.jp,Male
957,Glori,Sotheron,gsotheronqk@illinois.edu,Female
958,Alonso,Conklin,aconklinql@bing.com,Male
959,Florence,MacNamee,fmacnameeqm@woothemes.com,Agender
960,Sherye,Jahnel,sjahnelqn@sogou.com,Female
961,Clayson,Sandels,csandelsqo@livejournal.com,Male
962,Karlan,Twist,ktwistqp@engadget.com,Non-binary
963,Huntington,Dilke,hdilkeqq@marriott.com,Male
964,Rosette,Duffy,rduffyqr@posterous.com,Female
965,Kikelia,Yon,kyonqs@cloudflare.com,Female
966,Rafaela,Svanini,rsvaniniqt@amazonaws.com,Female
967,Jordana,Storrock,jstorrockqu@artisteer.com,Female
968,Dolores,Ezzell,dezzellqv@ning.com,Female
969,Trenton,Blakeston,tblakestonqw@mac.com,Male
970,Kordula,Bernaldo,kbernaldoqx@wunderground.com,Female
971,Reinwald,Trorey,rtroreyqy@who.int,Male
972,Theresa,Phizackerly,tphizackerlyqz@sphinn.com,Agender
973,Mitchel,Tomenson,mtomensonr0@cbsnews.com,Male
974,Scottie,Brownbridge,sbrownbridger1@networksolutions.com,Male
975,Hatty,Akister,hakisterr2@altervista.org,Female
976,Katalin,Grimwade,kgrimwader3@ask.com,Female
977,Ralph,Mateev,rmateevr4@barnesandnoble.com,Male
978,Leah,Laslett,llaslettr5@goo.ne.jp,Female
979,Shepperd,Hursthouse,shursthouser6@hp.com,Male
980,Waldemar,Mackieson,wmackiesonr7@wikia.com,Male
981,Rahal,Killner,rkillnerr8@sciencedaily.com,Bigender
982,Jefferey,Rotherham,jrotherhamr9@joomla.org,Male
983,Velma,Reace,vreacera@gnu.org,Female
984,Cozmo,Osanne,cosannerb@google.com,Male
985,Emerson,Chaston,echastonrc@netscape.com,Male
986,Mel,Asson,massonrd@ed.gov,Male
987,Ardith,Eaves,aeavesre@histats.com,Female
988,Grove,Doohey,gdooheyrf@theglobeandmail.com,Male
989,Mahala,Safont,msafontrg@webs.com,Female
990,Jolyn,Whorall,jwhorallrh@dedecms.com,Female
991,Brad,Dufaire,bdufaireri@japanpost.jp,Non-binary
992,Teodoro,Anselmi,tanselmirj@desdev.cn,Male
993,Gwenette,Vannikov,gvannikovrk@paypal.com,Bigender
994,Edee,Elcocks,eelcocksrl@washington.edu,Female
995,Ricardo,Dewitt,rdewittrm@homestead.com,Male
996,Aryn,Bousler,abouslerrn@alibaba.com,Female
997,Devora,Philp,dphilpro@senate.gov,Female
998,Colin,Krahl,ckrahlrp@businessinsider.com,Male
999,Cherrita,Scoles,cscolesrq@livejournal.com,Female
1000,Guinna,Ryson,grysonrr@nhs.uk,Female
1001,Willi,Lening,wlening0@histats.com,Genderqueer
1002,Andria,Joincey,ajoincey1@icio.us,Female
1003,Beaufort,Boyfield,bboyfield2@earthlink.net,Male
1004,Breena,Patsall,bpatsall3@cnet.com,Female
1005,Gertie,Vasilechko,gvasilechko4@indiatimes.com,Non-binary
1006,Neil,Chezelle,nchezelle5@networkadvertising.org,Male
1007,Hart,Dodworth,hdodworth6@list-manage.com,Male
1008,Con,Botterell,cbotterell7@wix.com,Male
1009,Rickey,Benterman,rbenterman8@pen.io,Male
1010,Danice,Ferreira,dferreira9@addtoany.com,Non-binary